{
  "vocab": {
    " ": 0,
    "!": 1,
    "(": 2,
    ")": 3,
    "،": 4,
    "؟": 5,
    "ء": 6,
    "آ": 7,
    "آپ": 8,
    "أ": 9,
    "ؤ": 10,
    "ؤں": 11,
    "ئ": 12,
    "ئی": 13,
    "ئے": 14,
    "ا": 15,
    "ائی": 16,
    "اب": 17,
    "ات": 18,
    "اح": 19,
    "ار": 20,
    "اس": 21,
    "ال": 22,
    "امی": 23,
    "ان": 24,
    "انھ": 25,
    "اور": 26,
    "اُ": 27,
    "اپ": 28,
    "اپنی": 29,
    "اپنے": 30,
    "اچھ": 31,
    "اہ": 32,
    "ای": 33,
    "ایک": 34,
    "ا۔": 35,
    "ب": 36,
    "با": 37,
    "بات": 38,
    "باد": 39,
    "بادشاہ": 40,
    "بر": 41,
    "بعد": 42,
    "بو": 43,
    "بچ": 44,
    "بھ": 45,
    "بھی": 46,
    "بہ": 47,
    "بہت": 48,
    "بی": 49,
    "بیٹھ": 50,
    "بے": 51,
    "ة": 52,
    "ت": 53,
    "تا": 54,
    "تم": 55,
    "تو": 56,
    "تک": 57,
    "تھ": 58,
    "تھا": 59,
    "تھا۔": 60,
    "تھی": 61,
    "تھی۔": 62,
    "تھے": 63,
    "تھے۔": 64,
    "تی": 65,
    "تے": 66,
    "ث": 67,
    "ج": 68,
    "جا": 69,
    "جب": 70,
    "جو": 71,
    "جھ": 72,
    "جی": 73,
    "ح": 74,
    "خ": 75,
    "خت": 76,
    "خو": 77,
    "د": 78,
    "دا": 79,
    "در": 80,
    "دل": 81,
    "دن": 82,
    "دو": 83,
    "دوس": 84,
    "دھ": 85,
    "دہ": 86,
    "دی": 87,
    "دے": 88,
    "ذ": 89,
    "ر": 90,
    "را": 91,
    "رو": 92,
    "رکھ": 93,
    "رہ": 94,
    "رہا": 95,
    "ری": 96,
    "رے": 97,
    "ز": 98,
    "زا": 99,
    "زی": 100,
    "س": 101,
    "سا": 102,
    "ساتھ": 103,
    "سب": 104,
    "سر": 105,
    "سن": 106,
    "سو": 107,
    "سک": 108,
    "سی": 109,
    "سے": 110,
    "ش": 111,
    "شاہ": 112,
    "شہ": 113,
    "شی": 114,
    "ص": 115,
    "صاح": 116,
    "ض": 117,
    "ط": 118,
    "طر": 119,
    "طرح": 120,
    "طرف": 121,
    "ظ": 122,
    "ع": 123,
    "عد": 124,
    "غ": 125,
    "ف": 126,
    "فی": 127,
    "ق": 128,
    "ل": 129,
    "لئے": 130,
    "لا": 131,
    "لو": 132,
    "لوگ": 133,
    "لگ": 134,
    "لہ": 135,
    "لی": 136,
    "لیکن": 137,
    "لے": 138,
    "م": 139,
    "ما": 140,
    "مت": 141,
    "مجھ": 142,
    "مجھے": 143,
    "مح": 144,
    "مد": 145,
    "مر": 146,
    "مع": 147,
    "مل": 148,
    "مو": 149,
    "مگر": 150,
    "می": 151,
    "میں": 152,
    "ن": 153,
    "نا": 154,
    "ند": 155,
    "نگ": 156,
    "نہ": 157,
    "نہیں": 158,
    "نی": 159,
    "نے": 160,
    "و": 161,
    "وا": 162,
    "ور": 163,
    "وق": 164,
    "وقت": 165,
    "ون": 166,
    "وں": 167,
    "وہ": 168,
    "ً": 169,
    "َ": 170,
    "ُ": 171,
    "ِ": 172,
    "ّ": 173,
    "ٰ": 174,
    "ٴ": 175,
    "ٹ": 176,
    "ٹا": 177,
    "ٹھ": 178,
    "ٹی": 179,
    "پ": 180,
    "پاس": 181,
    "پر": 182,
    "پو": 183,
    "پھ": 184,
    "پھر": 185,
    "پہ": 186,
    "پہن": 187,
    "پی": 188,
    "چ": 189,
    "چا": 190,
    "چھ": 191,
    "چھو": 192,
    "چی": 193,
    "ڈ": 194,
    "ڑ": 195,
    "ڑا": 196,
    "ڑھ": 197,
    "ڑی": 198,
    "ڑے": 199,
    "ژ": 200,
    "ک": 201,
    "کا": 202,
    "کام": 203,
    "کر": 204,
    "کرنے": 205,
    "کسی": 206,
    "کل": 207,
    "کم": 208,
    "کو": 209,
    "کوئی": 210,
    "کچھ": 211,
    "کھ": 212,
    "کہ": 213,
    "کی": 214,
    "کے": 215,
    "گ": 216,
    "گئی": 217,
    "گا": 218,
    "گر": 219,
    "گھ": 220,
    "گھر": 221,
    "گی": 222,
    "ں": 223,
    "ھ": 224,
    "ھر": 225,
    "ہ": 226,
    "ہا": 227,
    "ہر": 228,
    "ہم": 229,
    "ہو": 230,
    "ہوئے": 231,
    "ہوا": 232,
    "ہی": 233,
    "ہیں": 234,
    "ہیں۔": 235,
    "ہے": 236,
    "ہے،": 237,
    "ی": 238,
    "یا": 239,
    "یک": 240,
    "یں": 241,
    "یہ": 242,
    "ے": 243,
    "ے۔": 244,
    "۔": 245,
    "“": 246,
    "”": 247,
    "․": 248,
    "<UNK>": 249
  },
  "merges": [
    [
      "ی",
      "ں"
    ],
    [
      "ن",
      "ے"
    ],
    [
      "ا",
      "ن"
    ],
    [
      "ک",
      "ی"
    ],
    [
      "و",
      "ر"
    ],
    [
      "ت",
      "ھ"
    ],
    [
      "ا",
      "س"
    ],
    [
      "ک",
      "ر"
    ],
    [
      "ک",
      "ے"
    ],
    [
      "ی",
      "ا"
    ],
    [
      "س",
      "ے"
    ],
    [
      "ہ",
      "و"
    ],
    [
      "م",
      "یں"
    ],
    [
      "ک",
      "ا"
    ],
    [
      "ک",
      "و"
    ],
    [
      "ک",
      "ہ"
    ],
    [
      "ا",
      "ور"
    ],
    [
      "ی",
      "ک"
    ],
    [
      "و",
      "ں"
    ],
    [
      "ا",
      "ر"
    ],
    [
      "ب",
      "ھ"
    ],
    [
      "ہ",
      "ے"
    ],
    [
      "ا",
      "۔"
    ],
    [
      "ئ",
      "ے"
    ],
    [
      "ہ",
      "یں"
    ],
    [
      "و",
      "ہ"
    ],
    [
      "ا",
      "ل"
    ],
    [
      "ئ",
      "ی"
    ],
    [
      "ت",
      "ا"
    ],
    [
      "ک",
      "ھ"
    ],
    [
      "پ",
      "ر"
    ],
    [
      "ت",
      "و"
    ],
    [
      "چ",
      "ھ"
    ],
    [
      "ب",
      "ا"
    ],
    [
      "ت",
      "ے"
    ],
    [
      "م",
      "ی"
    ],
    [
      "بھ",
      "ی"
    ],
    [
      "ا",
      "پ"
    ],
    [
      "ن",
      "ا"
    ],
    [
      "ا",
      "یک"
    ],
    [
      "ہ",
      "ی"
    ],
    [
      "د",
      "ی"
    ],
    [
      "ل",
      "ا"
    ],
    [
      "ی",
      "ہ"
    ],
    [
      "ت",
      "ی"
    ],
    [
      "د",
      "و"
    ],
    [
      "ل",
      "ی"
    ],
    [
      "ج",
      "ا"
    ],
    [
      "ہ",
      "ا"
    ],
    [
      "ر",
      "ی"
    ],
    [
      "ن",
      "ہیں"
    ],
    [
      "ر",
      "ا"
    ],
    [
      "ھ",
      "ر"
    ],
    [
      "ب",
      "ی"
    ],
    [
      "ت",
      "م"
    ],
    [
      "س",
      "ا"
    ],
    [
      "ل",
      "ے"
    ],
    [
      "ن",
      "ی"
    ],
    [
      "تھ",
      "ا۔"
    ],
    [
      "ج",
      "ھ"
    ],
    [
      "تھ",
      "ی"
    ],
    [
      "ا",
      "ُ"
    ],
    [
      "ر",
      "و"
    ],
    [
      "ب",
      "ہ"
    ],
    [
      "ل",
      "گ"
    ],
    [
      "ے",
      "۔"
    ],
    [
      "ا",
      "ب"
    ],
    [
      "س",
      "ی"
    ],
    [
      "ٹ",
      "ھ"
    ],
    [
      "خ",
      "و"
    ],
    [
      "ج",
      "و"
    ],
    [
      "ل",
      "و"
    ],
    [
      "تھ",
      "ا"
    ],
    [
      "ن",
      "ہ"
    ],
    [
      "گ",
      "ر"
    ],
    [
      "ن",
      "د"
    ],
    [
      "م",
      "ا"
    ],
    [
      "بہ",
      "ت"
    ],
    [
      "اپ",
      "نے"
    ],
    [
      "س",
      "و"
    ],
    [
      "ر",
      "ے"
    ],
    [
      "ا",
      "ہ"
    ],
    [
      "م",
      "جھ"
    ],
    [
      "ب",
      "و"
    ],
    [
      "پ",
      "ہ"
    ],
    [
      "ب",
      "چ"
    ],
    [
      "ل",
      "ئے"
    ],
    [
      "ڑ",
      "ی"
    ],
    [
      "ط",
      "ر"
    ],
    [
      "د",
      "ا"
    ],
    [
      "س",
      "ب"
    ],
    [
      "گ",
      "ھر"
    ],
    [
      "آ",
      "پ"
    ],
    [
      "گ",
      "ی"
    ],
    [
      "ل",
      "ہ"
    ],
    [
      "ا",
      "ح"
    ],
    [
      "تھ",
      "ے۔"
    ],
    [
      "پ",
      "ی"
    ],
    [
      "دو",
      "س"
    ],
    [
      "ر",
      "ہا"
    ],
    [
      "تھی",
      "۔"
    ],
    [
      "ڑ",
      "ھ"
    ],
    [
      "ر",
      "ہ"
    ],
    [
      "ن",
      "گ"
    ],
    [
      "ک",
      "چھ"
    ],
    [
      "ج",
      "ب"
    ],
    [
      "ٹ",
      "ی"
    ],
    [
      "د",
      "ن"
    ],
    [
      "گ",
      "ئی"
    ],
    [
      "و",
      "ن"
    ],
    [
      "اپ",
      "نی"
    ],
    [
      "م",
      "ل"
    ],
    [
      "ہو",
      "ئے"
    ],
    [
      "م",
      "و"
    ],
    [
      "گ",
      "ا"
    ],
    [
      "پ",
      "ھر"
    ],
    [
      "د",
      "ر"
    ],
    [
      "با",
      "ت"
    ],
    [
      "ج",
      "ی"
    ],
    [
      "چ",
      "ی"
    ],
    [
      "مجھ",
      "ے"
    ],
    [
      "ہو",
      "ا"
    ],
    [
      "ش",
      "ی"
    ],
    [
      "سا",
      "تھ"
    ],
    [
      "ڑ",
      "ا"
    ],
    [
      "ع",
      "د"
    ],
    [
      "ہیں",
      "۔"
    ],
    [
      "ا",
      "ی"
    ],
    [
      "م",
      "ع"
    ],
    [
      "و",
      "ا"
    ],
    [
      "کو",
      "ئی"
    ],
    [
      "ر",
      "کھ"
    ],
    [
      "ہ",
      "ر"
    ],
    [
      "ک",
      "ل"
    ],
    [
      "ک",
      "سی"
    ],
    [
      "و",
      "ق"
    ],
    [
      "با",
      "د"
    ],
    [
      "ہ",
      "م"
    ],
    [
      "لیک",
      "ن"
    ],
    [
      "ڑ",
      "ے"
    ],
    [
      "ا",
      "ئی"
    ],
    [
      "پ",
      "ھ"
    ],
    [
      "د",
      "ہ"
    ],
    [
      "ف",
      "ی"
    ],
    [
      "س",
      "ر"
    ],
    [
      "م",
      "ح"
    ],
    [
      "تھ",
      "ے"
    ],
    [
      "ب",
      "عد"
    ],
    [
      "ش",
      "اہ"
    ],
    [
      "پ",
      "و"
    ],
    [
      "ک",
      "م"
    ],
    [
      "کر",
      "نے"
    ],
    [
      "چھ",
      "و"
    ],
    [
      "کا",
      "م"
    ],
    [
      "س",
      "ن"
    ],
    [
      "چ",
      "ا"
    ],
    [
      "ب",
      "ر"
    ],
    [
      "ا",
      "می"
    ],
    [
      "خ",
      "ت"
    ],
    [
      "طر",
      "ف"
    ],
    [
      "باد",
      "شاہ"
    ],
    [
      "ز",
      "ی"
    ],
    [
      "گ",
      "ھ"
    ],
    [
      "م",
      "گر"
    ],
    [
      "پ",
      "اس"
    ],
    [
      "م",
      "د"
    ],
    [
      "ہے",
      "،"
    ],
    [
      "م",
      "ر"
    ],
    [
      "ا",
      "چھ"
    ],
    [
      "ا",
      "ت"
    ],
    [
      "م",
      "ت"
    ],
    [
      "پہ",
      "ن"
    ],
    [
      "ؤ",
      "ں"
    ],
    [
      "ان",
      "ھ"
    ],
    [
      "د",
      "ے"
    ],
    [
      "د",
      "ھ"
    ],
    [
      "ب",
      "ے"
    ],
    [
      "ص",
      "اح"
    ],
    [
      "وق",
      "ت"
    ],
    [
      "بی",
      "ٹھ"
    ],
    [
      "ز",
      "ا"
    ],
    [
      "طر",
      "ح"
    ],
    [
      "ت",
      "ک"
    ],
    [
      "س",
      "ک"
    ],
    [
      "ش",
      "ہ"
    ],
    [
      "لو",
      "گ"
    ],
    [
      "ٹ",
      "ا"
    ],
    [
      "د",
      "ل"
    ]
  ]
}